3 Months,6 Months,9 Months,12 Months,15 Months,18 Months,21 Months,24 Months,27 Months,30 Months,33 Months,36 Months,39 Months,42 Months,45 Months,48 Months,51 Months,54 Months,57 Months,60 Months,63 Months,66 Months,69 Months,72 Months,75 Months,78 Months,81 Months,84 Months
we gotta get you some yummy food.,and then there's mashed potatoes.,no butter.,who's that.,I think you're right.,that's a cow.,I think it is like a potato.,it's a car.,I'm making it into a pizza.,they're gonna go to a baseball game together.,what's this.,well it's a beautiful bird.,I think you just want me to give you the peanut butter.,I have your favorite toy.,I think you might be playing with your toy truck.,what's this.,I'm sorry I didn't tell you that.,that's a good idea.,wanna put it on your face.,you know what he says when he wants more.,oh.,you got any more.,here we go.,you have two dolls.,you're right you're right.,what's that.,oh you're a cat.,that's not a cat.
hey.,uh huh.,that's a fish.,that's mommy's.,that's your brother.,where's the goose.,oh it is a caterpillar.,what's that.,what's that.,yeah.,and the birds.,oh look that's a birdie.,how come he can't get it.,a big dinosaur.,what's that.,okay we'll try to get them to the cage.,oh.,they're so good to eat.,a duck.,I'm sorry.,okay.,yeah.,oh.,the train's moving down the tracks.,that's a picture of a house.,here's the bunny.,that's a cat.,what's this.
milk.,do you have a cookie.,we're not eating the food.,we're gonna go see grandma today.,I'm going to get some things for him.,let's see what we have.,I think that's a fish.,here's the yellow and the blue.,we'll put the spaghetti in there.,you can't go to the zoo with me because you're too little.,that's a bluebird.,oh.,and then they'll eat their breakfast and they'll go to school.,there you go.,okay.,you know what the cat said?,they're really big.,do you know what a tuna sandwich is.,uh huh.,yep.,I love it.,yeah you're right.,oh.,okay.,who are these.,here's a baby doll.,huh.,this is the house that the kitty lived in.
that's a waffle.,look at this baby.,peaches and ice cream.,yeah.,yes.,what are they.,who's got the spoon.,yes.,what's that.,and it's the one that's made out of paper.,I saw one at the zoo.,yeah there's a robin.,let's make you a little bit of cheese.,we'll put them back.,yeah.,and then she gets up.,they're not that loud.,did you make some more.,that's right.,no.,okay.,what's a rabbit?,oh you can draw birds.,well let's see.,you see a little boy with a little girl in the house.,here's a little guy.,you're holding a cat.,oh it's a nice kitty.
milk.,and some cheese.,it's a tomato.,look at the people.,let's put some more stuff in the box.,right.,we should take a break.,yeah.,you got a spoon.,oh that's your uncle.,it's a duck.,that's the owl.,you need some cereal.,you don't see.,and the dog and the bear.,yeah.,who is the daddy.,well it's a lot of food.,we need to do what with the birds.,okay.,yes.,that's a sheep.,look at that.,yeah.,can we put it on the dining room table.,are they playing with that.,and the cat's furry.,oh.
there's milk.,and the orange juice.,mmm.,that's a nice blue one.,and there's his dad.,yeah.,it's a little bit of water and a little bit of food.,let me show you.,oh no.,are you two the kitties.,he's looking for a nice spot to land.,bird.,we're gonna have a little more of this.,oh yeah that's not what I mean.,what's that.,yeah you see what he's gonna eat.,what do we do in the house.,okay.,what's a parrot.,what does it say.,yeah.,right.,the bird went to the pond.,I think you might be saying that.,that's right.,we have a lot of toys.,I'm not a cat.,I think that's a cat.
oh.,cheese and crackers.,okay.,well I'm the mother of the little boy.,okay.,do you wanna make the cow's tail look like the cow's tail.,peas.,and then you'll play with them.,yeah.,that's her mommy.,and then you're done.,that's a bird.,what are you gonna do.,no.,and a book.,so you want to put the cat in the carrier.,you can make a house and a tree.,right.,a birdie.,okay.,you're just gonna sit there in the corner.,that's a penguin.,what's that.,the one that's green and it has a man on it and then the one that's yellow.,we can't.,I think you got toys.,well here's a cat.,what is this?
milk.,what's this.,mhm.,and Daddy.,I'm so proud of you.,who's that.,you're going to have to go get some more ice.,uh-huh.,I know.,I know.,that's right.,you know birds.,and they're sweet and yummy and they're in a can.,here's a big one.,see this one.,no that's not a cat.,okay.,yeah that's like a little bit of a burger.,he was a little bit scared of the sparrows.,what's on this.,oh yeah.,I'm not quite sure what the right answer is.,wanna draw a bird.,okay.,wanna draw some pictures.,the ball.,a cat.,you don't need to do that.
yeah.,yeah.,you eat a yummy yummy pear.,do you remember Daddy.,no I don't wanna eat the mango.,yeah.,you can eat it.,see the red one.,you can eat the juice.,we're gonna go to the bathroom.,what's this bird's name?,wow you're a good hunter.,we'll need a knife to cut it.,it's a truck.,what's in the box.,"oh, what's the name of the cat.",oh.,that's the potato.,he was just a baby.,a lot of fish.,they're not so good.,there's a bunny.,what kind of bird is that.,no you can't have it.,you can't put your shoes on the bed.,and then we can see the dinosaurs.,"oh, oh.",and it's like a woolly mouse.
and he's going to eat some.,and I'm going to eat it with you.,it's all right.,this is mommy.,oh he can't see it.,and now it's the bear.,can you get some.,there are some toys in there.,and then we're going to have pancakes for breakfast.,you know what.,there's a bird on the tree.,oh.,I see.,they're for little kids.,do you want to go play with them.,the kitty is sleeping.,that's what it's for.,it's a good choice.,no bird.,we'll put the rest of the eggs on the griddle.,here's your car.,the bull moose.,you have a birdie.,they're your crayons.,yeah we can get a new couch.,the truck.,oh yeah.,a cat.
here's some good food.,that's right.,that's right.,I see that your daddy is going to cut it.,the girl.,this one's a lamb.,and what's in the cake.,what's this.,I'm gonna give you a little bit of this.,did you take off the jacket.,oh you got a bird.,okay so we're gonna sing about the bird.,the butter.,and that's why they're called.,the turtle comes out of the water.,the cat is laying on the bed.,yes.,well I think she's had them already.,a hawk.,what's that called.,it's a dog.,I'm just gonna say it.,wow.,well it's okay.,do you wanna get into it.,they're in the garage.,can you show me.,and then she's going to come in the house and lay down and sleep.
yep.,you want some chocolate.,I see the apple is gone.,I have two.,do you see those people over there in the corner?,that's a baby hippo.,you're gonna need a bigger plate.,I'll give you the blue.,where are you going with that.,so we're going to go to the zoo.,that's a really big bird.,do you see the birdie.,I'm sorry.,hey.,okay.,he's a cat.,she likes to sit down.,a little bit of something.,oh there are so many birds.,it's yogurt and ice cream.,that's the cow and that's the horse.,you like cats.,oh there's a bird in there.,oh.,there's another picture of your house.,the little ones.,he's a very good kitty cat.,oh my gosh I saw something on the news today.
yes you're right.,peanut butter.,yum.,I'll make them a cake.,you wanna put them all in the basket.,hi.,what's in the bowl.,can we.,no.,no.,that's a pretty bird.,we're going to see the birds.,yes.,that's my car.,and then we'll play with those.,what's that.,I'm gonna take off your shirt.,it's a banana.,look at that.,and we can get some chocolate milk.,"okay, put it on the shelf.",okay.,there's a hawk.,that's a good idea.,well this is our house.,no.,okay.,there's a big cat.
it's time for lunch.,a pea.,it's a toy.,where's your mommy.,I'm gonna go get her.,yeah.,a little bit of milk.,the blocks are in the box.,uh oh.,I don't know what you're talking about.,oh hey.,bird.,the ketchup is green and yellow.,see that toy.,you're in your room with your toys.,oh what a cat.,and then I can take it to the sink and wash it out.,you gotta get them out of there.,that's a cardinal.,the cookies have chocolate chips.,look at the cars and trains.,you know what this is a duck.,you wanna look at the bird in the sky.,yeah that's a soccer ball.,it's a beautiful house.,they're on a swing.,oh the cats.,wanna play with that.
here's the peanut butter.,that's a tomato.,we're gonna eat.,yeah.,oh yes they're in the picture.,look at this one.,and this is an egg.,what's that.,I'll make you some.,who are the people in the house.,you know that bird.,what's that bird called.,what's in your hair.,wow.,oh yeah.,you know the thing that has the little arms.,and a house.,that's a little too much sugar.,what's that.,oh she's eating.,oh you put it on the table.,what's this one called.,a bird.,you can put them in the box.,oh they're so big.,and you can.,can you say cat.,you know.
oatmeal.,where's the cheese.,yep.,oh.,yes that's a picture of mommy.,what is that.,where's your banana.,what is that.,and you're going to eat your carrots.,it's okay.,what's the name of that.,he is in a tree.,how about that.,"oh, oh, oh.",yes.,she's a cute cat.,the house.,oh I'm not really hungry.,there's a bird outside.,you can't.,okay.,and if he gets in trouble it's not nice.,well we have a lot of different birds.,see that.,that's a nice house.,and you can put them in there.,no you didn't.,I mean you're gonna have a cat.
we're gonna go to the grocery store.,and she's gotta eat.,yeah.,right.,no one's gonna be upset.,where's the duck.,let's put them together.,what is this.,well this is your daddy's.,well.,it's a blue jay.,where's the birdie.,let's go get your snack and we'll go play.,you know what.,oh.,you can't get the cat to do it.,she's gonna fix the light fixture.,I'm gonna fix it.,it's a beautiful little bird.,and then we have a cookie.,and what's the other one called.,you're gonna need a bigger box.,okay.,look at the blue one.,oh yeah.,and then you put it in a toy box.,what's this.,hm.
yummy.,cheese and crackers.,I'm eating a banana.,do you see that.,no.,hey baby look at the goats.,that's a pizza slice.,what's that.,yes.,yeah they're great people.,yeah they're called baby birds.,wanna take the bird.,did you have some of it.,I'm sorry.,oh.,oh my goodness.,the house.,and that's the way it's done.,you're right you're right.,it's hot.,we could read one.,oh it's a good idea.,there's a little bird in the tree.,and we'll get out some of the other blocks.,well you have to go inside and close the door and put your coat on.,are you going to play with that.,that's a cat.,can you tell me about your cat.
we need to make some toast for the baby.,this is a cheese sandwich.,cheese.,you know where we are.,let's get her on the bed.,I'm gonna be a mama bear.,here you go.,and what else do you have there.,that's the apple.,Mommy has to go.,you can't put anything on the back.,there's a bird.,who's going to eat.,let me see.,okay.,we don't have any cat's.,it's not a house.,you're gonna get all messy.,you gotta go to the bathroom.,no.,that's a ball.,it's a pig.,he is a hawk.,and we'll play with that.,can you make a house for me.,they're not for you.,huh.,oh okay.
it's good to eat.,he's got a big belly.,okay.,yeah it's daddy.,and then we'll go to a restaurant and have some dinner.,where's the cat.,okay let's get out of here.,oh okay.,this is not food.,it's your mommy's birthday party.,we're going to go get some food and drinks.,they are eating.,you know.,and then.,okay.,this is a cat.,oh yeah it's not that big is it.,they're both spaghetti sauce.,it's a bird.,this is a bowl of fruit.,you can play with that.,he's a really big dog.,oh my goodness you have a little baby bird.,you can take a break.,he's a very good cook.,he's a baby.,the cat's on the roof.,oh he's so small.
and you like cats.,he's in the tree.,what's this.,the bunny and the ducky.,oh.,you're having a nice big dinner with your family.,oh.,okay.,that's right you're right.,oh a dog.,there's a car over there.,here.,yeah.,the baby got some food.,there's a rabbit in there.,yes.,see.,that's a pigeon.,okay.,oh you're gonna miss it.,what kind of birds.,you can have a turn.,what's this one.,it's going to be the same color as the kitchen.,and they gotta be careful.,you're not supposed to eat that.,can you see them.,he's a little barking dog.
there's a cat.,a little blue birdie.,that's a baby.,and the cat was a good girl.,he's a big dog.,let's eat it.,okay.,there.,no.,there's a dog.,and the car has four wheels.,what is that?,oh you're going to take it outside.,what.,here's another one.,you wanna go out with me.,oh no.,we're gonna look at a bird.,you know what.,that's a bird.,oh it's so cute.,and a toy car.,okay.,that's what the house is for.,it's okay.,yeah.,right.,oh that's right you see.
a cat.,he's gonna come right back here.,okay.,that's a horse.,he wants to play.,uh oh.,what's this.,you put it in the trunk.,uhhuh.,you're gonna get a doggie.,and when we're in the car and you wanna watch the birds.,there's a bird on the ground.,I'll get you the other one.,they're both pink and white.,wow that's a good picture.,it's a little bit.,you wanna play with this one.,what's that.,that's right.,that's a bird.,he's flying.,okay we'll just get a little bit of water out.,it's kinda a bit funny.,you can't get into the house because the door is closed.,no.,you're right.,I'm sorry.,yeah.
hey.,hey bird.,oh they are in the box.,and the chickens have red combs.,where's the dog.,yeah yeah.,it's a bedroom.,I think it's a bicycle.,that's right.,you need a dog.,oh he's not going to school today.,do you want to play with the bird.,you're gonna put them in the big box.,they're gonna make a delicious meal.,he can jump over the fence.,no that's a giraffe.,what's that.,here's a bird.,you're gonna eat it.,there's a bird.,okay.,the doll is in the box.,we'll take the big bunny away and the small bunny will come back.,we can paint it.,yes.,you know what we're gonna do.,and you go to church every Sunday.,so what's the difference between a puppy and a dog?
what's that.,bird.,I'm gonna go back to the kitchen.,do you see the rabbit.,dog.,yes that's a turkey.,what's that.,yeah.,there's a little bunny.,oh you're just a baby.,a car.,what's this.,what's that.,you can eat your peas.,oh.,what kind of animal is this.,you put that toy in the box.,that's a turkey.,he wants to give you something to eat.,oh my goodness.,there's a bluebird sitting on a branch.,yeah.,do you see that truck.,and we got this.,the truck was in the driveway.,oh yeah.,I'm gonna take a break.,a dog that's a good dog.
yeah.,yeah.,here's your little red car.,you're sitting on your dog's back.,okay.,there's a little cup of tea in there.,you go into the house and then we're in the house.,go ahead.,they're like your cuddly toy.,and they have fur.,see the red car.,a bird.,oh.,I see what you're doing.,you're not quite two years old yet.,it's a turtle.,right.,oh yeah.,it's yummy.,it's a red bird.,no.,what's that.,yeah it's a good idea.,that's your home.,oh.,and then I'll go and I'll get some more to eat.,oh we're all in one room.,well we're going to go.
yeah you're gonna play with the cat.,there's a bird.,can you see the cat.,can you say kitty kitty.,he's a baby.,you know what I'm gonna do.,look.,there's the car.,see how he's standing up.,there's a baby dog on the couch.,car car car.,he's flying around.,let's play with the toys.,I see what you're doing.,what do you think.,he's a big brown bear.,so you're going to have to go pick up your toys.,what do you mean.,it's a good thing.,hey.,the big bird is called a bald eagle.,okay.,they're not in there.,what's in the cupboard.,and it has these wheels.,that's a good cup.,it's in the trunk.,okay you put it in the oven and when you take it out and then you're gonna have cookies.
kitty.,oh you have a bird.,uh oh.,baby goat.,go for the big dog.,wow you made me some ice cream.,let's look at the houses.,and a car.,okay we can make a dog and we can make a cat and we can make a cow.,there's a dog.,and I'm going to have to drive up to get the car from the garage.,there's a bird.,what do you think it is.,you're gonna put some cheese on the tomatoes.,that's a horse.,you see a baby cow.,do you remember the game.,oh that's a little birdie.,what's that.,okay.,well what are you going to do with them.,that's a train.,yeah.,oh you're putting it on the table.,okay let's go outside.,it's a good one.,"and then he said to them, you know what I'm gonna do to your dad.",she's a nice girl.
there's a cat.,you like the bird.,oh look at that.,oh look at this.,come here.,wanna try it.,you know it's kind of like a big room.,you go in the car.,that's the dog.,come here.,and that's the car.,what's that?,there's a toy in the toilet.,and I wash them.,you're a great dog.,you've got to try a turkey.,that's right.,it's so cute.,oh that's so funny.,the bird is not flying.,and then what happened.,"oh, I'm gonna have to get them out of the way.",yes.,so let's go inside the house.,oh that's not a car.,he's got some toys.,you're going to be a doctor.,and he has these nice furry hairs that make him very warm and then he licks his furry hairs to clean himself off.
there's a little cat there.,you see a bird.,this is a ball.,here's another one.,you wanna see the picture book.,mmm mmm.,oh.,you don't know what this is.,and then there's a big dog.,a dog.,wanna go get the car.,there's a bird in the tree.,and you know the one that makes the bang noise.,uhhuh.,look at this cat.,okay.,this one is a soccer ball.,you're talking to the bird.,I'm going to get the juice.,it's a duck.,you wanna sit in the chair.,yeah that's a toy.,okay.,oh.,oh my gosh you look so cute.,where's the spoon.,"oh my gosh, my gosh.",they just go and they wag their tails.
oh.,there's a bird in the tree.,you know the toys that you've been playing with.,okay.,who's this.,what are you eating.,wanna make the room look nice.,what does that car look like.,yeah.,he's in the house.,okay.,bird.,you can't play with them today.,what's that.,that's right.,that's a squirrel.,you have a ball and you have a book.,bird.,I think you're hungry.,a little bit.,yeah.,he's got a green one and a blue one.,okay.,oh okay.,you have a car and a truck and a train and a boat and a plane.,that's your shirt.,I think they're from England.,see the dog.
cat cat cat.,here's a bird.,it's a bouncing ball.,who's this.,he's so funny.,yum.,we have a big house.,car.,no no no.,what's the name of your dog?,it's a toy car.,you want the bird to fly away.,no you don't want to put it back in there.,yeah.,there's a big elephant.,no.,that's a toy.,a bird.,what did you have for breakfast.,that's right.,the bird is in the tree.,the little guy is on the little guy.,okay.,what is that thing.,car's the one that takes us to the beach.,uh huh.,you have a lot of brothers and sisters.,okay.
yeah.,there's a bird.,you wanna play with them.,what's that.,that's a dog.,and the green beans.,and we need to get the trash bags.,that's a car.,right.,the dog barked at the squirrel.,where's your car.,you're a bird.,I mean that if you can't get it out of there then you can just leave it.,no he's not eating anymore.,you see that rabbit over there.,you're right.,here's the big blue one and then there's the small one.,and it's a beautiful bird.,okay.,a bird.,that's a bird.,they're going to have a picnic at the beach.,no.,okay.,do you want me to take the car back.,yeah that's right.,it's a new house.,wanna see a picture.
where's the cat.,that's a bird.,where is it.,can you see the rabbit.,and the dogs wanna have a party.,okay.,oh.,and it goes.,wanna sit on your chair.,they like it.,yes.,it's a little birdie.,the baby.,huh.,right.,oh.,no I'm sorry.,yeah there's a bird.,well I'll have to put it in the oven for a few minutes.,yeah.,we can see the birds on the pine tree.,and then they'll go off the bottom.,what does that say.,a little bit more.,car.,it's a vegetable.,I see the picture.,what is the dog doing.
and the cat had no nose.,there's a bird.,look at those little people.,yes.,okay.,can you put the food in.,yeah that's a door.,that's the car.,wanna play.,he was barking at the dog.,oh and there's another car.,there's one that's got a little umbrella thing on his head.,and there's a baby giraffe and the other one is a baby elephant.,this is the little piggy.,so the kids were so excited.,no no don't eat the banana.,what does that say.,we're gonna go to the zoo.,yeah.,you've got a little birdie on your head.,the eagle has a really big wingspan.,they're so soft and squishy.,oh look you put the dolls in there.,can you tell me what the house is.,right.,you need some more oats.,I mean they're the same.,yeah.
you know what this is.,that's a bird.,I think this one is called the yellow dinosaur.,oh the little guy is in a big box.,doggy.,they're like cookies.,no it's not.,look at that car.,no.,they're not even dogs they're cats.,oh there's a car there.,they're little birds.,what's that.,that's right.,oh no no no no no no no no no no no no no no no no no no no no no no no no no no no no no no no no no no no no no no no no no no no no no no no no no no no no no no no no no no no no no no no,that's right.,and she's going to put it in the box and she's gonna give it to Daddy.,that's a nice bird.,oh you're not going to eat it.,look.,the bird flew away.,oh that's the best thing to play with.,yes.,okay what's inside the house.,there's a red car.,yeah.,they're not in our house.,you got a dog.
cat.,hello.,the little red car.,bunny.,yeah.,I'm going to get you something to eat.,okay.,come on.,it's a dog.,no that's a dog.,I'll fix it.,what kind of bird is that.,we can do that.,well that's great you can't really eat that.,see this bird.,is it a duck.,you're gonna put that in the truck.,you wanna go get a bird.,okay.,hey.,it's a parrot.,yes.,oh you're so brave.,yeah.,yeah.,that's it.,and what's daddy's job.,oh no.
kitty cat.,oh a bird.,this is a toy.,look at the little rabbit.,no.,no.,where's the kitchen.,go drive the car.,wanna see the dog.,the dog has a tail.,uh huh.,oh a bird.,they're all the same.,yeah.,you like to play with your animal friends.,you wanna see a picture of the bear.,what's your favorite book.,do you think birds are funny.,you know what's a good thing to do with eggs.,oh.,oh yeah that's a bird.,we'll have to wait and see.,can you tell me how to fix this.,it's not okay.,and it's not a fire truck.,and then we eat it.,okay let's do the other side now.,they're not cute.
and a cat.,oh look at the birds.,it's just gonna go.,look at the birdie.,wanna put it on.,no.,you have a doll.,I'm sorry.,that's a poodle.,and that's a dog.,oh they are so big.,it's a little birdie.,wow.,no you have to put them on the top.,who's that.,you're looking for the dog.,this one is a ball.,hey we're gonna look at this.,right.,wanna go.,he's a bird.,a ball.,oh.,you know what we can do.,yeah I'm glad you're in there.,yeah.,and the mommy and daddy.,and a little dog.
oh cat.,there's a bird.,what do you have.,and the baby's going to get a baby giraffe.,the dog says.,I'm gonna feed them to you.,hey baby let's go out and play.,yeah yeah.,what's that.,I'll get the dog.,wanna go for a drive in the car.,where's the birdie.,we have a big box.,and there's the yogurt.,what is this.,I bet she loves it.,are you hungry.,and the birds are eating all the berries and making a big mess.,and then they all go on to the next page.,there's a sparrow sitting on the telephone pole.,you're gonna have to wait a little bit until you get to the right one.,yes.,okay.,and there's a birdhouse.,see the car.,okay.,that's not your daddy.,right.
we'll have some toys on the floor.,puppy.,what are these?,what's that.,uhhuh.,huh.,a cup.,uhoh.,where's your mommy's purse.,yes.,you can't go in there.,yes we do.,we're going to see you're grandma.,there's a bird in there.,uhhuh.,and what is it.,you know what we're gonna do with it.,what is it.,okay we're going to the car.,what kind of bird is that.,and what do you think you might do.,and there's a cat.,come here sweetie.,what's the name of this dog.,you can look for it.,and she's like what.,it's a dog.,oh yeah she's got two big feet.
yeah.,puppy dog.,yeah you like that.,well I think it's time for you to get ready for your bath.,what's that.,no.,you don't want the ice cream yet.,oh.,and mommy and daddy and all of the children.,there's a little girl.,it's a house.,you know what.,and that's your grandpa.,wanna go to the store and get a couple more.,you know what a chickadee is.,that's a bluebird.,who's that.,here's your toy car.,so.,that's a robin.,right.,that's a really nice house.,so they're like the cats.,so it's time to go.,oh look at that.,and the baby.,see the little dog.,and you're a really good dog.
and that's a duck.,the dog's ears are up.,good boy.,yes that's Mommy and that's Daddy.,the chicken.,look at the dog.,it's a grapfruit.,and then it went away.,you know what I love best about living in a city.,what's that.,that's right.,you can put your finger in that.,I'm sorry.,that's a good idea.,this one has a tail.,it's a bird.,okay okay.,okay.,okay.,that's a turkey.,that's a nice book.,she's having a bath.,"oh, that's not a good idea.",wow.,oh that's a bunny.,you're going to sit right here.,oh you're not a dog.,you can't do that.
there's a little teddy bear there.,see the doggie.,you're not gonna like that.,you're my baby.,it's peas.,a little dog.,okay.,what's this.,that's right.,what's that.,can you open the door.,where's the cat.,okay.,and we don't want the cows to be sick.,I think she's a crane.,it's a little birdie.,okay.,that's a purple one.,yeah the house is really big.,there's a bird on the tree.,we're all going to be at home.,where's the light switch.,it's a kitty.,you want a dog.,he's a monkey.,who is the mommy.,do you wanna see him.,where's the dog's ears.
okay.,you can't see it but it's here.,I got some bananas and apples.,and my grandma.,I'll put it on the plate.,what's that.,here's some cheese.,okay.,what's in that box.,you like the truck.,you can put it on the edge of the bed.,you know what they say.,I think he's just playing around.,we'll talk about dogs.,what a bird.,yeah he's the one who helps the other birds and that's what I'm going to try and get out of my book.,you want to play with the train.,well he's not gonna say no.,we're gonna go to the house.,that's a pretty bluebird.,I have to go.,"hey, it's a new house.",that's a kitty.,well we're going to go get a new one.,what's that.,how about this.,we're going to find a dog.,right.
that's it.,okay.,let's see.,Daddy's at the airport.,yeah it's good.,go over there and say hello to Max.,what's that.,that's the dog.,what's that one.,yeah.,where's the towel?,you want to see the birds.,hey.,you wanna get the worm out.,what's the bird doing.,it's called a bird.,oh.,yes.,a kitchen and a bedroom and a bathroom and a garage and a front room.,and here's a big one.,and then she had a boy.,oh.,you're right.,this is a dog.,look at the sheep.,what's that.,and the dog is going to be your friend.,I see you have a dog.
and now we're playing with the car.,and what's that.,you gotta eat your veggies.,you're getting to the right spot.,we're having a nice meal.,and they don't make noise.,can you open it.,you want a little ball.,and then he came back.,and then you push it.,look at that one.,that's a little duck.,no.,and what is this.,it's a parakeet.,and it's a bird.,there are lots of houses in the city.,that's right.,and a house and a car and a school and a bus and a boat and a train and a bicycle and a truck.,hey hey hey there little duckie.,right.,you're going to take your shoes off.,so what's this cat eating?,this one's a dog.,oh.,they're at the gym.,we'll go outside and we'll play with a ball.,oh my gosh that's just like a kitty.
whoops.,and there's a dog.,oh look.,Mommy and Daddy's baby.,and then they'll get their own bowl.,huh.,we're going to try to get the grapes.,that's a cat.,and the baby will have a big family.,see the cars.,you have to wash it.,what are these things.,oh it's too much.,there's a little bunny that has a little baby bunny.,you can't go in there.,yeah it's a penguin.,and then they were going to take the dog for a walk.,that's a car.,okay.,we'll go and find a bird.,it's the best time of the year.,it's the bedroom.,yeah.,well I'm sorry I don't know how to get it off.,they eat little penguins.,that's it.,right now we're going to get a dog.,you know a dog can wag its tail.
look at that.,dog.,what's that.,we're gonna have some cookies.,here.,wow.,that's the peas.,that's a panda bear.,okay.,oh you have a bunny and a bunny and a bunny.,you see those are the light switches.,they like to climb.,and your sister.,look at all these babies.,it has a long tail.,that's a crow.,here's where we eat.,okay.,I think that's the toilet.,we can't hear it.,no.,there.,oh yeah.,you know.,you know what that is.,they have a dog.,the dog is a poodle.,oh.
oh that's nice.,a dog.,where's the bread.,the grandparents.,what's this.,you can't sit on that.,you don't know what's in this.,and he's got a bunch of friends.,it's time for lunch.,what is this.,and I'm a cat.,that's a pig.,we're going to a party.,what's that.,they're birds.,the baby bird.,yeah.,okay you get a little toy animal.,let's see.,oh bird you're not sitting on the fence.,you know who's not at the party.,and it's a house.,wanna sit down and look at the pictures.,that's right.,that's a cat.,you know what you can do?,and then he'll wag his tail.,yeah it's a black and white dog.
I'm gonna put your toys away now.,we're gonna go and get a new dog.,uh oh.,no she's not going to get it back.,good.,oh.,wow.,hey you know this one.,oh you had your own baby.,okay.,oh no.,yeah.,no it's not.,you can't see the baby.,the bird.,you know what's funny about birds.,"okay, let's see what's up.",we can see them.,you gotta wash it off.,he's a pretty bird.,we're gonna go to grandma's house and we're gonna spend the night with her.,and we'll have a nice big breakfast.,a cat's tail.,let's see.,they're going to the bathroom.,yes.,yeah.,you're right.
and it's time to play with your toys.,there's a dog.,a little bit of butter.,they went to the store.,a chicken.,oh the doggie.,okay now.,right.,I'll tell you what. Let me see. Let me see. This is a little girl. That's right. That's right. What's her name? That's right. That's right. How old is she. Is she a year old. That's right. That,I'll put it back in the toy box.,I don't know.,oh you're going to have to go to the zoo.,okay.,okay.,a gull.,look at that bird.,okay.,what's in this box.,you can paint it a different color.,here's a little duck.,okay.,oh wow.,this is your cat.,yeah.,okay I'll tell you about it.,you can't go through the house.,a lot of dogs are going to be there.,oh my goodness.
that's the toy car.,you can put it on the floor.,we're going to the store.,look at the baby.,there's a chicken in the soup.,doggy.,and you know what you can't eat.,he's a lion.,they're not supposed to.,you can't play with it.,okay.,who's that.,they're your dad and mom.,you're right.,you wanna watch this one.,you have a bird.,oh I have a new book.,okay.,you're right.,what's that.,so.,oh it's all covered in dirt.,it's really cute.,oh.,you know what they do.,where's mommy.,and they're walking around.,he's gonna have a good day.
they're all different.,that's a dog.,we gotta go back and get it.,there's the baby.,good.,wanna play with that one.,oh.,goat.,oh.,you're going to have to pick up the blocks.,yeah.,and here's the snake.,okay.,oh oh.,yeah.,he's going to the cage.,I love your house.,yeah.,that's it.,they're flying up and down.,no you can't have it.,I think we need to put on the rain boots.,you're right.,look.,what's the name of that one.,did we ever have a family reunion at the beach.,you know.,the dog.
let's get the ball.,okay.,here's some yogurt.,she's a family.,okay.,he's a dog.,yeah.,and what's that.,did you see the movie.,they're.,you're right.,can you hold it.,"oh, what's that?",that's not a lion.,oh yeah.,you see that bird.,the windows open.,what's this.,who built it.,look at that bird.,I think you're going to go home and you're going to see daddy and then we're going to watch that movie together.,yeah.,you know what.,oh no.,what's that.,you know the person that is with them.,it's the dog's birthday.,what did you say.
oh hey let's go play.,there's a dog in the yard.,cheese.,and we get to see the whole family.,here you go.,that's a big dog.,okay we're gonna cook some things.,oh the baby giraffe.,did you know that in that room that we're in there is a big family.,right.,you can sit in your chair.,that's not a bunny it's a kangaroo.,they're playing with him.,they're in a cage.,you're like a birdie.,wanna see a little penguin.,what's your name.,I don't know.,they are big they're big.,you can put it in a bucket.,that's right.,how many people live in the house.,that's a kitty.,I think so.,okay.,so you're the grandkid.,oh yeah she's got a little dog.,hey.
yeah.,oh.,oooh.,the dog's name is Buddy.,can you take them out.,that's a dog.,peanut butter.,it's a puppy.,they have a brother.,okay you're holding it.,you'll want to put it in the cupboard when you're done.,I'll read you one.,he's my brother.,and you can watch the sunrise.,we're going to put your hands up like this and we're going to put our fingers together and you're going to make a bird.,what are you doing with your fingers.,who's that?,we don't have any other blocks for you.,so we need to go up.,oh you're right.,what are you doing with your hands.,well it's a good idea to keep the dog in the house.,they're called kittens.,there's a cute puppy.,the little bear goes to the little bear.,oh what's that.,wanna see.,oh so you see the dog.
uh.,see the dog.,no.,what's that.,that's yogurt.,he's a dog.,that's a peanut.,it's a puppy.,that's mommy.,this is the one.,this is the house of mr. and mrs. snooty.,no I'm not going to eat you.,you know what that is.,okay.,that's a bird.,see how it goes up and down.,I gotta go get a little more.,right.,and that's how you wash your hands.,I'm going to show you my bird.,that's what I said.,oh.,he's not sleeping on my bed.,and here's the dog.,that's right.,I thought you wanted a dog.,he's a good boy.,right.
this is a ball.,oh.,here's a piece of peanut butter and jelly.,that's a baby.,I'm not sure.,right.,can you get the chicken and the cheese and the peppers.,you need a ball.,"no, it's not.",the blue one.,there.,it was so funny.,and my mommy and daddy.,you're gonna get them.,the bird.,a robin.,can you put it back in the box.,oh you like playing with the dollhouse.,this is a little boy in a blue house.,it's called a hawk.,that's what we're gonna do.,let's go downstairs and put this on the couch.,the cat has a ball of yarn.,that's right.,we have a baby chicken.,well let's find out what's in the cupboard.,this is a picture of a puppy.,no we're going to the zoo.
yeah.,okay.,you're gonna have to eat the rest of it.,who's that.,okay here we go.,yeah that's a dog.,the bears are playing with the crayons.,I think he's a dog.,yes.,and this one is a crab.,okay.,this is a piglet.,yeah.,this is a giraffe.,you can't touch it.,yeah you're right.,and when we go to sleep.,what's the thing that goes bang.,there.,hey hey.,well we just gotta do it the same way we did it the first time.,no.,can you pick up the cat.,where's the dog.,I think there's one with spikes.,you know what's funny? he thinks he's so cool.,there's the dog in the pajamas.,oh I can't remember what it's called.
look at the cat.,it's the last bite.,oh look.,we can put it on the dog.,and this one.,do you want to put the chair in your bedroom.,there are lots of things in here.,where are you going.,we're going to read a story about animals.,where's the kitty kitty.,I'm sorry I don't know what you mean.,yeah.,do you want a bone for your dog?,she had an auntie.,can I have a cookie.,is that a duck.,it's not like it's like a worm.,what's the name of this bird.,oh you have a lot of cheese.,no.,that's a nice cat.,so they are actually really nice and they're nice to you.,what's this?,and then we have a train that can go through a tunnel.,it's called a hawk.,yeah.,you're talking to the bird.,look at the little tire.
look at the cat.,yogurt.,it's a doll.,a lion.,you're going to have a big family.,the baby is the baby.,where's the bedroom.,you're putting them in the box.,oh.,this is a cat.,oh that's a really good house.,that's a cat.,yeah.,there's a picture of your aunt.,you wanna go back to the beach.,see that.,that's some yummy.,yeah that's right.,it's good that you're not eating the candy.,he was flying over the rainbow.,here's a kitty.,you don't have a cat.,you know what she said.,what's this.,it's a penguin.,what's that.,do you see that bird.,yeah I got a car.
what is that.,you're gonna make them a nice dinner.,it's just a little toy.,that's a moo cow.,who's that.,look at the little ducks.,yes.,hey.,okay you see those little black spots in the middle of the animal.,that's a cat.,oh.,come here and I'll pet your cat.,you're a good boy.,you got any pictures of that.,oh look at that bird.,okay.,you have a big piece.,it's not a bird.,oh he's gonna be in trouble.,okay.,right now we're gonna get ready to go in the car.,and then what's another one.,yeah.,I think she's probably got some of your toys in there.,a hawk.,they're really big.,what a beautiful bird.,you know.
no no no no.,good job.,that's a bunny.,yeah.,oh that's not a bunny.,that's a good idea.,that's right.,you have a pig.,the duck.,a cat.,what do you see on the wall.,she's a cat.,I think it's a little boy.,what's that.,well.,yeah he's just a little duck.,I'm gonna make you some cookies.,the birds are singing.,I'm going to go and get a fork.,they're on the ceiling.,what is that.,do you want to read it.,that's a cat.,this one is a ball.,it's a big bird.,okay.,it's a robin.,oh we gotta put the car in the garage.
the cat.,mashed sweet potato.,you want to make the block tower.,you got a cat.,and Mommy and Daddy.,wanna do it.,yeah you can put it on the table.,okay.,you know what.,oh where's your cat.,that's my room.,the cat has the little white ears.,oh look.,oh.,that's a great idea.,it's a puppy.,you don't like this one.,oh.,how about an egg.,the birdie goes up in the sky.,it's very cute.,this one's a cat.,so the cat is going to sit down on the bed.,I see.,you can look at birds.,okay.,there's a bird that's a big bird.,that's right.
yeah.,it's not food.,wow.,yes it's a monkey.,yeah.,that's a pretty flower.,I don't know.,who's playing.,they eat them.,oh you're right.,and there's a bookcase.,where is the cat.,you're not a dog.,oh no she's in trouble.,what is that.,I got a book about dinosaurs.,I know.,see the birds.,they're like a little bit of butter.,and what's the other one.,and she was gonna get you.,he's a really good cat.,that's a cat.,and I'll see if I can't make this one work.,we'll go to the zoo and see some birds.,oh.,yeah.,it's a car.
I don't have a cat.,and this is the other side of the milk.,oh look at the red ball.,we're gonna put it on the floor.,you know what she said.,you're right.,no.,I see.,do you wanna make it blue.,see.,you want to go to the bathroom.,do you want the cat to come out of the box.,and here comes another one.,she's your aunt.,that's a nice horse.,we'll make a nest.,a burger.,you know what.,the boy.,okay.,oh my goodness.,you know what this is a cat.,oh my.,you wanna play with the cars.,bird is a bird.,yeah.,he's called a night heron.,I'm sorry.
there's a cat.,yummy.,here.,where's the cat.,and that's Daddy's hat.,you are a brother.,that's a big house.,what's this.,you're like a little penguin.,cat.,we're going to the bathroom.,the cat in the hat.,and they got their eyes all open.,I'm not.,look at all the different animals.,you have the monkey on the table.,let's get some.,yeah we can see them in the trees.,so I was gonna give you some ice cream and then we're gonna go get some ice cream.,wanna put it in the bucket.,oh that's too bad.,do you want me to help you put it on.,and that's a cat.,what does he want to do.,that's right.,do you know what this is.,she's on the bird.,that's a car.
come on.,mmm mmm.,see the tiger.,look at that baby duck.,it's daddy's.,you got one.,can you open it.,that's a red one.,that's right.,can you say cat.,do you want a drink.,what's this one called.,it's a little dog.,that's the one we're going to take home.,what is that.,oh I can't see them.,you want the honey out of there.,that's a robin.,the pancakes.,what do you see.,oh my gosh.,no.,a cat.,no.,you're gonna go get the birdies out of the cage.,yes.,you see a blue bird.,well that's the kind of car I want when I'm a big boy.
that's a cat.,do you have an apple.,wow.,look at the lion.,what's this?,you're my dad.,that's the stairs.,okay.,what do they do.,you can put it on.,there's the fridge and the refrigerator.,do you see the kitty.,where's the dog.,and then we're going to meet mom.,what is that.,you think she's a bird.,okay.,he's flying to a different tree.,that's right.,it's a duck.,you have a cute little cat.,oh that's cute.,look at the cats ears.,what's that.,we're gonna make a bird out of this.,yeah.,oh that's a hawk.,they drive.
what's that.,I can't have any more of this.,you wanna play with the cars.,and.,what's that.,oh yeah.,I'll put the dishes in the dishwasher.,you put the ball in the basket.,oh you're right.,what's that.,this is where we sit and eat.,it's not on.,it's a good dog.,okay.,wanna put it on the floor.,what kind of animals.,no.,you know how we're going to put on this.,we can't have your favorite drink right now because we're going to eat dinner later.,where's the bird's nest.,oh my gosh that's so cute.,that's a dog.,come on.,you put the ball on the floor.,that's a little duck.,that's right.,what's that.,wow that's pretty cool.
oh I see a cat.,yep.,okay.,what's that one.,we're going to go outside.,and then they're all there.,and now we're going to go to bed.,and then there was this one.,the duck.,where is the cat.,that's right.,cats are so cute.,and the other one is a boy.,okay.,it's a little bit smaller.,he's gonna put the eggs in.,do you know the man who lives in the store.,I see a bird.,what are they doing.,we'll find a nice spot for them to live.,oh there's a cat.,and there's the cat.,and it says cat.,it's a toy truck.,I'm gonna read the book.,oh I remember.,yeah.,and if you want to get a car you have to save up money.
kitty cat.,wanna have some food.,here.,do you like the lamb.,I'm gonna put your clothes away.,it's your brother.,what kind of house do you have.,look at this cute little dog.,do you think they are really scared of it.,yeah.,you put your feet up on that.,and the cat sleeps in the box.,right.,yes.,you know I like animals.,okay.,no.,there's a bird.,you're gonna give me some of that.,here's a little birdie.,okay.,wanna make sure we're not gonna lose our cat.,here we go again.,what's this one called.,what bird.,and what's the other one.,this is a bird.,let's see what's inside the trunk.
what a nice cat.,that's right.,that's a car.,what's this.,oh look at that.,can I have a bowl of cereal.,it's a little house.,okay I think I'll just go over here and get my bubbles.,what is that.,he's a cat.,I'm going to fix up the bedroom.,a cat.,see.,okay we'll call it.,that's a tiger.,okay so it's like a baby chick.,you're gonna eat the potatoes.,that's a crow.,this is a peach.,there's a bird in the sky.,what's that.,oh I see.,there's a big cat.,can you get me a truck.,yeah.,are you gonna give it to him.,you're the king of the birds.,you're going to go by car.
there's a cat.,you're eating.,do you want the blocks.,okay we're going to read a book.,let's see how you can get it out.,right.,there's a door.,oh my goodness.,what kind of animal.,cats like to scratch.,can you tell me what this is?,yeah.,the dogs aren't sleeping.,we have a family.,he's a big monkey.,you can see all these animals.,yummy yummy.,you wanna say a word.,and then put the pasta in a pan.,you see the bird sitting on the branch.,do you think she's a cat.,and they're in this book.,oh.,the blue ones are your toys.,he's flying around the room.,and it's a little hard to push.,oh we have a bird.,you wanna play with it.
oh what's that.,ooh.,I love playing with your blocks.,that's a rabbit.,let's see if they're here.,and that's a clown.,let's go outside and play in the snow.,what's this one called.,that's a good idea.,do you see a cat.,oh we'll make a little one.,what did the cat say.,let's go to the dog.,who's that.,okay.,oh my gosh.,no we're not gonna eat them.,this is a woodpecker.,you can't.,what is that.,"and it goes, bump, bump, bump, bump, bump.",you're a cat.,you're right.,the dolls.,that's a bird.,we'll have to put the train back together later.,that's a crane.,go go go go.
wow cat.,wow.,where are they.,it's the bear.,yes.,oh.,oh you're right.,do you have a big truck.,we're gonna read about animals.,he's a cute cat.,you have a new home.,cat.,you can see the little feet on it.,well it's just a matter of being a little bit more organized with the pictures.,this is a snake.,what is that.,okay.,it's a bird.,you know what? I think this is a banana.,what's that.,I'm gonna get him.,I'm sorry.,you can see the black cat on the table.,oh I have a little truck that has wheels.,what is this.,I mean it's really a pretty good toy.,you're right.,and you put it in the car.
cute cats.,good boy.,I'm going to get him.,a bear.,I think they're in the car.,yeah.,who's that.,this is your car.,oh yeah.,okay.,let's put that in the corner.,there's a cat.,do you have a doggie.,what's this?,you go through the door and you walk down the hall.,and it's a tiger.,you've got the best dishes.,oh.,did you just say chicken.,we'll just keep walking and maybe we'll find a bird.,what is that.,this is a big cat.,and a kitty.,so you could take it apart.,a chicken.,and we can put them in the toy box.,that's a blue jay.,and the car.
hey cat.,yeah.,here's a yellow one.,hey little guy.,huh.,no.,okay.,look at that.,he's a cow.,and it's a purr.,it's not a ball.,yes.,yeah.,oh we can put your hand on the tray.,so what's another animal.,where's the bear.,you can have a little bit of the cereal.,he's a red bird.,oh my gosh.,birdie.,where's the cat.,oh my gosh.,cats.,you know how to get it.,it's a hawk.,you can make them walk and talk and sing.,they're called little owls.,so I guess we'll have to wait a few more months until you can get your own car.
a cat.,good.,this is a ball.,he's a frog.,you're going to go and sleep.,the baby.,okay.,we got to play with them.,what's this one.,cat.,okay we're going to go to the bathroom.,well you know.,"I'm sorry, I don't know what the dog's doing.",oh.,yeah.,no.,we're going to eat a little bit of turkey.,wanna see that.,you can get a piece of bread.,that's a robin.,a big cat.,well you can make a picture with some of these.,where's the cat.,what's this.,see that little bird.,oh.,and then it's a bird.,you put the car in the back seat.
yeah.,bird.,hey.,you're driving a car.,I think it's a little bit of a wreck.,wow.,that's a kitty.,you wanna have your cereal.,and then we'll get her a little carrier and then we'll go to the store.,that's right.,oh.,you can play with your ball.,can you take your shoes off.,that's right.,we have a dog.,you want to show me where the house is.,you see the blue bird flying.,that's a kitty.,there's a bird on the tree.,you're my best friend.,what's a cat.,wanna try it on.,bird.,it's a very big house.,and they're like a bird's nest.,that's a cow.,can you get out of the way.,okay.
look at the doggie.,there's a bird on the branch.,hm.,look at the truck.,this is a bathroom.,go ahead.,yes there's a kitten in the backyard.,no.,that's a cat.,where's your shoes.,no that's not a toy.,do you have a new baby sister.,oh there's the house.,oh yeah I can see that.,did you see the kitty yesterday.,okay.,oh you got a bird and a cat.,I'll see if there's anything else.,what do you think of that.,and who is this.,she's a cat.,okay you can put the paws on the couch.,can you say bird?,and a garage.,and then the bird went back.,and what's that.,I don't think they're for you.,a piece of cheese.
see the lion and the tiger.,baby bird.,there's a bird in the tree.,that's right.,oh yeah.,let's see a car.,they're cats.,mmmmm.,you'll get a cat.,you can use that.,you know what we should do.,and you're with mommy.,it's all red.,and the monkey's a monkey.,oh you're getting a little bit older now.,do you see the house.,uh-huh.,you know what he's gonna do.,you can draw a bird.,you're gonna get to work.,that's not a cat.,right.,you're going to be a bird.,what's this.,they're so cute.,they don't live there.,and what do you think they're going to do with that.,what's it called.
do you like animals.,yeah that's a bird.,this is a bird.,okay here we go.,it's just for the bedroom.,go up the hill.,oh no.,that's a little fish.,there's a kitty.,that's a cool picture.,oh no.,that's so sweet.,what's that.,yes.,oh my goodness.,you're going to be the king.,what's this.,it's a little bit chilly.,he said he saw a bird.,it's a baby.,that's a cat.,yeah.,wow you got a bird.,what's in the closet.,it's just like a duck but it's bigger.,this is a wombat.,it's a pink thing.,where's the apple.
"a big, beautiful animal.",bird.,it's a bird.,yeah.,there's a bed there.,it's a car.,can you say cat.,here's some ice cream.,this one's a cat.,oh yeah.,okay.,what's that.,oh my gosh.,so they're not.,and then she's gonna be a bunny.,where's the house?,that's a duck.,he's gonna go.,oh that's a duck.,you're so cute.,this is a cat.,you could say hello to the dog.,a robin.,do you remember the time we saw a house that was on fire.,you can tell me about birds.,is it a horse.,we'll give it to the piggy bank.,we'll have some.
bunny rabbit.,oh.,yeah it's a bird.,there's a car on the road.,okay.,there's a car on the street.,you got a dog.,what's that.,you want to see the kitty kitty.,and there's the bathtub.,oh.,oh.,oh you're not gonna say that.,and we're gonna go and get some eggs.,wow.,yeah there's one there.,bird.,this is my cat.,that's a robin.,so when you're feeling that way.,yeah you gotta be very careful.,what's a dog.,a bird.,so we're going to put this on the floor.,that's a pigeon.,that's the big kitty.,a banana.,a bunch of mashed potatoes.
the little duck.,here's a bird.,here's a bird.,uhhuh.,that's the door.,we can't go inside that one.,you know that cat.,this one has a lot of sugar in it.,I see a cat.,oh yeah.,here's a doll.,oh that's right.,they're in the bedroom.,that's okay.,I'm sorry.,it's a house.,can you see the birds in the trees.,oh it's a little kitty cat.,oh this one has a tail and wings.,who's in there.,that's right.,yeah.,he's a bird.,oh that's the toilet.,you see the birds.,we'll go outside and get them.,we don't have any.,I don't like to eat anything that doesn't come from a plant.
can you see a goat.,look at the bird.,look at the bird.,that's right.,what's that.,and they take you to the doctor.,hm.,are you going to eat your sandwich.,do you see the cat.,I think you have to get the water off of the ceiling.,yes.,I'm trying to get my shoes on.,wanna play with the blocks.,so we're going to make a house for the baby.,we'll take him to the veterinarian.,yeah there's a big tree right here.,you want the bird to be a little birdie.,they don't wanna do that.,oh.,who's the other one.,they have little paws.,they're all so pretty.,yeah.,and then you'll have a nice bedroom.,that's a bird.,okay.,we're going to eat some more cheese now.,yeah that's right.
that's a cow.,there's a little birdie.,what's that.,I'll go get the car keys.,you're playing with the house.,see the car.,look.,that's yummy.,I wonder what the cat is doing.,you know what this is.,you need some more.,you know who's in the family.,here's the pencil.,a little rabbit.,we got a lot of dogs.,okay.,what bird.,that's right.,here's a bird.,and he says to the other people he says to the other people.,oh this is the cat.,you wanna play with the dog.,this bird is called a robin.,I'm going to clean the house.,the bird is on the branch.,oh they're all around you.,I don't think there's any more.,"okay, here's some more."
oh a pig.,bird.,you know where we're gonna find one.,let's see what's in the back seat.,I see.,see the red truck.,the cat's chasing him around the yard.,that's yogurt.,it's so nice.,okay.,it's not a toy.,they were all friends.,the kids that's in the house.,and a little bit of it.,"oh, I know, I think.",it's the bedroom.,he was so happy.,can you say cat.,he was like flying.,yeah.,you want a cat.,we'll need to go back to the dog.,where are they.,they're like the front door and the door to the bathroom.,wanna sing.,what about the giraffe.,and the kitty wants some too.,I don't know if you like your food.
oh that's a big big animal.,oh what a bird.,bird.,where did the car go.,here's the house.,go.,you want to pet it.,yes.,I'm gonna go get your cat.,oh look at this picture.,what's the picture of the cowboy.,yeah.,how do you like this house.,that's a good idea.,right.,and there are some nice pink pencils.,do you see the bird.,yeah.,what do they say.,how's your brother.,he's right here.,what's a dog.,there's a bird in a tree.,that's a nice house.,he's in the air.,I guess that's the way they do it.,that's right.,I'll get you a drink.
this is a horse.,oh you're a bird.,here's a little birdie.,a car.,that's a fireman.,here's your car.,it's like a little cat.,that's right.,and the cat's eating.,okay.,you gotta move it back so you can see it.,hey.,do you want to open the door.,okay.,oh what's that.,well the babies are out in the grass.,that's a beautiful bird.,they're black.,he's really good at flying.,what's your name.,what's a cat.,yeah.,I don't know what the bird's name is.,okay let's go.,oh it's a dove.,this is what it looks like.,you can't eat them if they're dirty.,okay.
yes that's a chickie.,there's a bird sitting on the branch.,and the birds.,here's a car.,it's a house.,we can go see the cars.,oh I see.,you're gonna get up tomorrow morning.,the cat.,we need to get the fire out first.,what's that.,well we're all together at the same place.,there's a big chair.,oh.,see that.,you want to clean the floor.,that's a birdie.,oh so it was the cat that was sitting in the chair and the cat was trying to get away from the mouse.,you know what that is.,who are those people.,oh.,you think the dog doesn't like you.,the bird is in the tree.,a door.,that's right.,that's right.,the bread was very good.,yeah.
that's a horse.,that's a bird.,hey what's that.,I'll make a car.,yes.,it's the car.,oh where is she.,can you have some water.,see that cat.,yeah the door's open.,let's look at the toys.,oh.,okay.,it's the same animal.,there's a big dog.,oh.,there's a bird in the tree.,you know what we have right now? we have a cat.,here's another one.,yes.,they're like this.,you're a good boy.,yeah.,no it doesn't.,he's a chicken.,and they eat the leaves off of the trees.,we don't have any more.,we don't.
that's a cute baby.,oh a bird.,here's a bird.,oh that's not a car.,you wanna look at my house.,yeah.,you got a cat.,I'll put them in a bowl.,cat.,and you can see a house.,okay.,Mommy and daddy love you.,what's the other one.,do you have any more animals in there.,see.,where does your house go?,that's a pretty bird.,what's it called.,what's a dove?,did you see that little girl's head.,that's not a kitten.,I wonder why we don't have a dog.,oh look at that.,so.,I'll give you a bird.,so we could have a pet.,so this is a sandwich.,yes I'll do that.
bunny.,and there's a bird.,bird.,that's right.,I think that's your kitchen.,see the car.,that's a kitty.,you gonna eat that.,and you have a ball and you're hitting it.,you know.,well let's see.,there's a red one.,well what did you say.,and what's this.,oh the dog was right in front of the house.,you know that's the bed.,wanna go to the bird.,wanna draw a cat.,that's right.,where's mommy.,where's the cat's tail.,oh what's that.,this is a bird.,"well, here we are.",there's a bird.,so how come she's not asleep.,it's time for a snack.,what's that.
let's see a horse.,here's a bird.,the little bird.,what's this.,what's that.,look at the car.,let's put the cat back on the book.,do you think you can have some more yogurt.,here's a cat.,here's the pink one.,can you do that.,you want to go back to the park.,we need to clean it up.,do you want to draw a picture of a rabbit.,did you hear what I said.,oh my gosh that's the bathroom.,hey did you see the bird.,the cat is.,what's that bird called.,they're in the family.,they're just cute little cats.,you're gonna need a bigger box.,he says he's a robin.,it's like a hut.,that's a big bird.,you don't have a turtle.,what does he say.,a little bit of oatmeal.
oh baby.,we're gonna go find a bird.,it's like a bird.,that's a car.,that's the kitchen.,and we'll go for a drive.,oh a cat.,no.,can you see the cats.,what do you do in the house.,there's a train.,okay mommy and daddy.,we're gonna take off your hat.,where's the rabbit.,oh that's a very big dog.,hey.,that's a hawk.,that's right.,okay.,okay mommy.,I think they like.,yeah and then he's gonna have to go on and have a shower.,it's a peacock.,where is the bed.,here's a bird.,okay let's go back.,it's just like the cereal.,you should eat a banana.
what's this.,bird.,there's a bird on the tree.,let's go look at the car.,it's a cape.,wanna see that car.,oh that's a really big cat.,that's a banana.,what's this.,there's a cat.,this is the doll.,and you guys don't have a lot of money.,let's go to the living room.,that's a monkey.,she's very nice.,oh.,there's a bird outside.,yeah I know.,I don't know what it is.,this one's called the cake.,wow that's a big cat.,yeah.,and then they have these beaks.,you wanna see that.,they're birds.,I'm not sure what kind of animals you're talking about.,I gotta have some.,okay.
oh.,a bird.,we're gonna see birds.,we're gonna go to the car.,that's a table.,I don't see a car.,you see the cat.,I'm going to eat.,yeah.,and he's going to go out.,yeah.,do you have a favorite relative.,the house is full of people.,no.,that's a nice dog.,you have to push it really hard.,that's a parakeet.,okay.,that's a parrot.,oh yeah.,I think so.,what's that.,that's a bird.,yeah.,there's a bird in the tree.,she says that she loves the baby animals.,yeah.,I think I'll make the chicken and spinach.
